"post","topic"
"The athlete won a gold medal at the Olympics.","Sports"
"The legislation was passed after a long debate in the Senate.","Politics"
"The discovery of the Higgs boson at CERN marked a milestone in particle physics.","Science"
"The swimmer broke the world record in the 100-meter freestyle.","Sports"
"The bill received bipartisan support and was signed into law by the president.","Politics"
"The recent findings on black holes have revolutionized our understanding of space-time.","Science"
"The spacecraft successfully docked with the International Space Station.","Science"
"The gymnast captured the audience's hearts and took home the bronze medal.","Sports"
"After months of negotiations, the climate accord was finally agreed upon by the majority of nations.","Politics"
"Scientists successfully cloned a sheep, sparking ethical debates worldwide.","Science"
"The detective solved a complex murder case.","Crime"
"The farmer harvested a bountiful crop of fruits and vegetables.","Agriculture"
"The CEO announced record-breaking profits for the company.","Business"
"The coach led his team to victory in the championship game.","Sports"
"The journalist uncovered a major political scandal.","Media"
"The archaeologist unearthed ancient artifacts in Egypt.","Archaeology"
"The director filmed an epic blockbuster movie.","Entertainment"
"The gardener cultivated a stunning garden with rare flowers.","Horticulture"
"The police officer apprehended a dangerous criminal.","Law Enforcement"
"The teacher received an award for excellence in education.","Education"
"The singer performed a soulful ballad at the concert.","Music"
"The chef's restaurant received a Michelin star rating.","Culinary"
"The explorer reached the summit of Mount Everest.","Exploration"
"The lawyer won a high-profile court case.","Law"
"The philanthropist donated millions to a charitable cause.","Philanthropy"
"The inventor created a revolutionary new technology.","Innovation"
"The athlete broke a world record in the 100-meter dash.","Sports"
"The nurse provided compassionate care to her patients.","Healthcare"
"The politician delivered a powerful speech on climate change.","Politics"
"The actor received an Academy Award for his performance.","Entertainment"
"The journalist interviewed a famous celebrity.","Media"
"The pilot safely landed a damaged plane.","Aviation"
"The CEO announced a merger with a rival company.","Business"
"The artist's work was displayed in a prestigious gallery.","Art"
"The astronaut conducted experiments on the International Space Station.","Science"
"The musician composed a symphony that moved the audience.","Music"
"The scientist received a Nobel Prize for her research.","Science"
"The teacher organized a field trip for her students.","Education"
"The chef opened a new restaurant in a trendy neighborhood.","Culinary"
"The detective cracked a cold case that had stumped the police.","Crime"
"The firefighter rescued a kitten from a tree.","Rescue"
"The doctor diagnosed a rare medical condition.","Medicine"
"The engineer designed a bridge that withstood an earthquake.","Engineering"
"The journalist covered a war in a conflict zone.","Journalism"
"The author signed a book deal with a major publisher.","Literature"
"The athlete trained tirelessly for the upcoming competition.","Sports"
"The lawyer defended an innocent client in court.","Law"
"The CEO announced a company's expansion into new markets.","Business"
"The musician composed a jingle for a popular commercial.","Music"
"The teacher inspired her students to participate in a charity event.","Education"
"The actor starred in a critically acclaimed play.","Entertainment"
"The archaeologist discovered an ancient burial site.","Archaeology"
"The astronaut conducted experiments on the moon's surface.","Science"
"The artist's work was featured in a prestigious art magazine.","Art"
"The chef won a cooking competition on national television.","Culinary"
"The nurse worked long hours during a flu epidemic.","Healthcare"
"The scientist published a groundbreaking paper in a scientific journal.","Science"
"The firefighter rescued a family trapped in a car accident.","Rescue"
"The journalist interviewed a world leader.","Media"
"The politician passed a landmark environmental bill.","Politics"
"The detective apprehended a notorious bank robber.","Crime"
"The engineer designed a renewable energy system.","Engineering"
"The doctor performed a successful organ transplant.","Medicine"
"The musician composed a score for a Hollywood film.","Music"
"The teacher organized a charity fundraiser at her school.","Education"
"The athlete broke a world record in the high jump.","Sports"
"The CEO announced a company's commitment to sustainability.","Business"
"The lawyer won a pro bono case for an underprivileged client.","Law"
"The artist's exhibit drew crowds from around the world.","Art"
"The astronaut conducted experiments on the International Space Station.","Science"
"The chef opened a culinary school to train aspiring chefs.","Culinary"
"The journalist reported on a humanitarian crisis in a war-torn region.","Media"
"The author wrote a best-selling self-help book.","Literature"
"The firefighter rescued a group of hikers stranded in the wilderness.","Rescue"
"The teacher received a national award for innovative teaching methods.","Education"
"The musician performed a sold-out concert at Madison Square Garden.","Music"
"The scientist made a breakthrough in cancer research.","Science"
"The detective solved a complex art theft case.","Crime"
"The CEO launched a philanthropic foundation to address global issues.","Business"
"The engineer designed an eco-friendly public transportation system.","Engineering"
"The doctor developed a new vaccine to combat a deadly disease.","Medicine"
"The athlete won a gold medal at the Paralympics.","Sports"
"The journalist covered a historic peace treaty signing.","Media"
"The politician delivered a stirring inaugural speech.","Politics"
"The artist's sculpture was unveiled in a city park.","Art"
"The astronaut conducted experiments on the Mars rover.","Science"
"The chef opened a chain of successful restaurants worldwide.","Culinary"
"The lawyer defended a wrongly accused client on death row.","Law"
"The musician composed a soundtrack for a video game.","Music"
"The teacher mentored a disadvantaged student to college acceptance.","Education"
"The architect designed an innovative skyscraper.","Architecture"
"The surgeon performed a groundbreaking transplant surgery.","Medicine"
"The climber reached the summit of a challenging mountain.","Adventure"
"The software engineer developed a popular mobile app.","Technology"
"The poet's work was featured in a prestigious literary magazine.","Literature"
"The oceanographer made a significant discovery about marine life.","Science"
"The fashion designer showcased a new collection at Fashion Week.","Fashion"
"The humanitarian organization provided aid to disaster-stricken areas.","Philanthropy"
"The race car driver won the championship title.","Automotive"
"The historian uncovered new insights into ancient civilizations.","History"
